External Quantum Efficiency	v1.4.7137.26188
Date Time:	Wednesday, 22 June 2022 00:49:36
Dimensions:	3
TotalSteps:	339
SourceFile 	D:\users\nanoscalesolar\Documents\Eitan\Cal.eqe
Sample:    	?
Operator:  	Nanoscalesolar
Comments:  	

Loops:
>	Wavelength from 500 to 780 [nm] in 113 steps
>	Focus Correction [no-loop]
>	Repeat 3 times

Operations:
>	Delay [100 ms]
>	LockIn Sensitivity Tracker
>	LockIn Amplifier : M
>	LockIn Amplifier : IS
>	LockIn Amplifier : R

Parameters:
>	Wavelength	nm	1	113	R	{From=500,To=780}
>	Focus CorrectionY	µm	3	1	V	0
>	Repeat	x	0	3	R	{From=0,To=2}

Results:
>	M	V	-1
>	Phase	'	2
>	IS	A	-1
>	Phase	'	2
>	R	V	-1
>	Phase	'	2

-= Wavelength - AOTF VIS =-
Channels:     	8
Range:        	370 - 800 nm
AutoOptPower: 	ON
Modulation:   	ON
Ch:0	Wavelength: 500.0 nm	Frequency: 126.775 MHz	Power: 5000

-= Focus Correction =-
Piezo X:     	OFF
Piezo Y:     	ON 'NewNKT_Focus_corr'
Piezo Z:     	OFF

-= LockIn Sensitivity Tracker =-
Active: 	LIA I, LIA II, LIA III

-= LockIn Amplifier - LIA I =-
OutputParameter:      	M
Sensitivity:          	1 V
FilterTimeConstant:   	30 ms
FilterSlope:          	_24dBpOct
ReferenceFrequency:   	71.5
DetectionHarmonic:    	1
InputCoupling:        	AC
InputModes:           	Channel A
InputShieldGrounding: 	Floating

-= LockIn Amplifier - LIA III =-
OutputParameter:      	IS
Sensitivity:          	20 nA
FilterTimeConstant:   	30 ms
FilterSlope:          	_24dBpOct
ReferenceFrequency:   	71.4989
DetectionHarmonic:    	1
InputCoupling:        	AC
InputModes:           	I (1MΩ)
InputShieldGrounding: 	Floating

-= LockIn Amplifier - LIA II =-
OutputParameter:      	R
Sensitivity:          	100 mV
FilterTimeConstant:   	30 ms
FilterSlope:          	_24dBpOct
ReferenceFrequency:   	71.497
DetectionHarmonic:    	1
InputCoupling:        	AC
InputModes:           	Channel A
InputShieldGrounding: 	Floating


Index	Wavelength [nm]	Focus CorrectionY [µm]	Repeat [x]	M [V]	Phase [']	IS [A]	Phase [']	R [V]	Phase [']
0	500.0	2.400	0	2.781562E-002	1.81	4.269022E-010	0.26	2.568614E-003	0.25
1	500.0	2.400	1	2.776955E-002	1.81	4.256272E-010	0.26	2.560970E-003	0.25
2	500.0	2.400	2	2.783594E-002	1.81	4.271814E-010	0.26	2.564443E-003	0.25
3	502.5	2.447	0	3.321170E-002	1.81	5.335586E-010	0.26	3.245157E-003	0.25
4	502.5	2.447	1	3.321714E-002	1.81	5.336176E-010	0.26	3.244935E-003	0.25
5	502.5	2.447	2	3.315983E-002	1.81	5.324016E-010	0.26	3.240299E-003	0.25
6	505.0	2.472	0	4.144612E-002	1.81	6.965440E-010	0.26	4.284871E-003	0.25
7	505.0	2.472	1	4.146103E-002	1.81	6.965880E-010	0.26	4.283483E-003	0.25
8	505.0	2.472	2	4.141844E-002	1.81	6.958852E-010	0.26	4.282797E-003	0.25
9	507.5	2.479	0	5.442305E-002	1.81	9.606356E-010	0.26	5.959721E-003	0.25
10	507.5	2.479	1	5.455992E-002	1.81	9.631688E-010	0.26	5.976150E-003	0.25
11	507.5	2.479	2	5.459702E-002	1.81	9.632123E-010	0.26	5.971744E-003	0.25
12	510.0	2.472	0	7.270704E-002	1.81	1.343481E-009	0.26	8.400448E-003	0.25
13	510.0	2.472	1	7.262045E-002	1.81	1.343290E-009	0.26	8.403450E-003	0.25
14	510.0	2.472	2	7.267956E-002	1.81	1.343032E-009	0.26	8.398145E-003	0.25
15	512.5	2.456	0	9.521762E-002	1.81	1.835802E-009	0.26	1.155995E-002	0.25
16	512.5	2.456	1	9.514387E-002	1.81	1.834923E-009	0.26	1.155629E-002	0.25
17	512.5	2.456	2	9.524350E-002	1.81	1.835943E-009	0.26	1.156094E-002	0.25
18	515.0	2.436	0	1.257920E-001	1.81	2.523787E-009	0.26	1.597696E-002	0.25
19	515.0	2.436	1	1.259702E-001	1.81	2.525885E-009	0.26	1.598044E-002	0.25
20	515.0	2.436	2	1.259449E-001	1.81	2.525028E-009	0.26	1.597620E-002	0.25
21	517.5	2.416	0	1.677983E-001	1.81	3.485311E-009	0.26	2.217450E-002	0.25
22	517.5	2.416	1	1.678854E-001	1.81	3.487888E-009	0.26	2.218935E-002	0.25
23	517.5	2.416	2	1.678044E-001	1.81	3.485539E-009	0.26	2.217958E-002	0.25
24	520.0	2.400	0	2.293580E-001	1.81	4.934358E-009	0.26	3.147412E-002	0.25
25	520.0	2.400	1	2.294317E-001	1.81	4.936232E-009	0.26	3.149502E-002	0.25
26	520.0	2.400	2	2.295430E-001	1.81	4.937347E-009	0.26	3.150049E-002	0.25
27	522.5	2.393	0	3.270608E-001	1.81	7.275090E-009	0.26	4.646948E-002	0.25
28	522.5	2.393	1	3.271721E-001	1.81	7.280428E-009	0.26	4.649632E-002	0.25
29	522.5	2.393	2	3.270982E-001	1.81	7.275363E-009	0.26	4.646483E-002	0.25
30	525.0	2.400	0	4.373242E-001	1.81	9.993051E-009	0.26	6.404102E-002	0.25
31	525.0	2.400	1	4.373256E-001	1.81	9.988700E-009	0.26	6.405118E-002	0.25
32	525.0	2.400	2	4.373400E-001	1.81	9.992044E-009	0.26	6.408719E-002	0.25
33	527.5	2.419	0	4.847686E-001	1.81	1.131624E-008	0.26	7.286672E-002	0.25
34	527.5	2.419	1	4.855096E-001	1.81	1.132421E-008	0.26	7.288335E-002	0.25
35	527.5	2.419	2	4.855688E-001	1.81	1.132731E-008	0.26	7.286304E-002	0.25
36	530.0	2.446	0	4.397667E-001	1.81	1.040282E-008	0.26	6.723772E-002	0.25
37	530.0	2.446	1	4.392045E-001	1.81	1.039140E-008	0.26	6.717308E-002	0.25
38	530.0	2.446	2	4.395308E-001	1.81	1.040028E-008	0.26	6.722574E-002	0.25
39	532.5	2.477	0	3.541446E-001	1.81	8.467748E-009	0.26	5.504981E-002	0.25
40	532.5	2.477	1	3.542184E-001	1.81	8.472204E-009	0.26	5.506552E-002	0.25
41	532.5	2.477	2	3.540696E-001	1.81	8.472204E-009	0.26	5.507580E-002	0.25
42	535.0	2.513	0	2.762918E-001	1.81	6.681677E-009	0.26	4.365871E-002	0.25
43	535.0	2.513	1	2.761443E-001	1.81	6.678571E-009	0.26	4.363190E-002	0.25
44	535.0	2.513	2	2.760851E-001	1.81	6.673715E-009	0.26	4.360601E-002	0.25
45	537.5	2.550	0	2.330203E-001	1.81	5.707464E-009	0.26	3.738222E-002	0.25
46	537.5	2.550	1	2.329465E-001	1.81	5.705707E-009	0.26	3.738315E-002	0.25
47	537.5	2.550	2	2.330650E-001	1.81	5.706756E-009	0.26	3.738771E-002	0.25
48	540.0	2.587	0	2.211195E-001	1.81	5.498953E-009	0.26	3.603416E-002	0.25
49	540.0	2.587	1	2.210602E-001	1.81	5.497432E-009	0.26	3.604437E-002	0.25
50	540.0	2.587	2	2.211340E-001	1.81	5.499189E-009	0.26	3.604256E-002	0.25
51	542.5	2.623	0	2.305489E-001	1.81	5.829670E-009	0.26	3.816035E-002	0.25
52	542.5	2.623	1	2.306674E-001	1.81	5.833829E-009	0.26	3.818711E-002	0.25
53	542.5	2.623	2	2.306529E-001	1.81	5.834000E-009	0.26	3.818244E-002	0.25
54	545.0	2.654	0	2.575660E-001	1.81	6.656554E-009	0.26	4.338215E-002	0.25
55	545.0	2.654	1	2.574475E-001	1.81	6.654731E-009	0.26	4.337847E-002	0.25
56	545.0	2.654	2	2.575067E-001	1.81	6.652973E-009	0.26	4.336075E-002	0.25
57	547.5	2.681	0	2.555967E-001	1.81	6.676759E-009	0.26	4.349679E-002	0.25
58	547.5	2.681	1	2.556402E-001	1.81	6.677936E-009	0.26	4.349592E-002	0.25
59	547.5	2.681	2	2.556559E-001	1.81	6.679214E-009	0.26	4.351537E-002	0.25
60	550.0	2.700	0	2.190326E-001	1.81	5.669435E-009	0.26	3.727763E-002	0.25
61	550.0	2.700	1	2.190919E-001	1.81	5.673884E-009	0.26	3.730445E-002	0.25
62	550.0	2.700	2	2.191802E-001	1.81	5.672372E-009	0.26	3.729523E-002	0.25
63	552.5	2.714	0	2.022742E-001	1.81	5.208596E-009	0.26	3.451032E-002	0.25
64	552.5	2.714	1	2.020082E-001	1.81	5.205497E-009	0.26	3.450383E-002	0.25
65	552.5	2.714	2	2.021267E-001	1.81	5.206131E-009	0.26	3.450192E-002	0.25
66	555.0	2.724	0	1.971080E-001	1.81	5.081290E-009	0.26	3.380528E-002	0.25
67	555.0	2.724	1	1.971080E-001	1.81	5.081760E-009	0.26	3.380996E-002	0.25
68	555.0	2.724	2	1.971673E-001	1.81	5.083691E-009	0.26	3.382199E-002	0.25
69	557.5	2.732	0	1.941626E-001	1.81	5.022883E-009	0.26	3.347233E-002	0.25
70	557.5	2.732	1	1.942074E-001	1.81	5.025454E-009	0.26	3.347502E-002	0.25
71	557.5	2.732	2	1.940441E-001	1.81	5.021296E-009	0.26	3.345194E-002	0.25
72	560.0	2.736	0	1.895587E-001	1.81	4.928848E-009	0.26	3.284403E-002	0.25
73	560.0	2.736	1	1.896324E-001	1.81	4.931485E-009	0.26	3.284953E-002	0.25
74	560.0	2.736	2	1.895139E-001	1.81	4.925986E-009	0.26	3.282183E-002	0.25
75	562.5	2.738	0	1.872638E-001	1.81	4.890238E-009	0.26	3.256466E-002	0.25
76	562.5	2.738	1	1.873231E-001	1.81	4.892232E-009	0.26	3.258033E-002	0.25
77	562.5	2.738	2	1.873823E-001	1.81	4.892875E-009	0.26	3.258873E-002	0.25
78	565.0	2.736	0	1.963232E-001	1.81	5.141581E-009	0.26	3.425415E-002	0.25
79	565.0	2.736	1	1.964865E-001	1.81	5.143512E-009	0.26	3.426327E-002	0.25
80	565.0	2.736	2	1.964272E-001	1.81	5.142397E-009	0.26	3.425684E-002	0.25
81	567.5	2.732	0	2.145315E-001	1.81	5.634641E-009	0.26	3.752193E-002	0.25
82	567.5	2.732	1	2.146355E-001	1.81	5.634171E-009	0.26	3.751450E-002	0.25
83	567.5	2.732	2	2.147540E-001	1.81	5.638320E-009	0.26	3.753670E-002	0.25
84	570.0	2.724	0	2.321037E-001	1.81	6.114219E-009	0.26	4.065000E-002	0.25
85	570.0	2.724	1	2.320444E-001	1.81	6.111990E-009	0.26	4.066287E-002	0.25
86	570.0	2.724	2	2.322367E-001	1.81	6.115098E-009	0.26	4.064906E-002	0.25
87	572.5	2.714	0	2.441687E-001	1.81	6.444934E-009	0.26	4.282150E-002	0.25
88	572.5	2.714	1	2.441094E-001	1.81	6.442061E-009	0.26	4.279187E-002	0.25
89	572.5	2.714	2	2.441687E-001	1.81	6.442061E-009	0.26	4.278905E-002	0.25
90	575.0	2.700	0	2.539681E-001	1.81	6.711207E-009	0.26	4.456081E-002	0.25
91	575.0	2.700	1	2.539681E-001	1.81	6.711443E-009	0.26	4.456643E-002	0.25
92	575.0	2.700	2	2.540274E-001	1.81	6.710564E-009	0.26	4.455440E-002	0.25
93	577.5	2.684	0	2.629693E-001	1.81	6.955926E-009	0.26	4.616793E-002	0.25
94	577.5	2.684	1	2.631023E-001	1.81	6.958789E-009	0.26	4.617072E-002	0.25
95	577.5	2.684	2	2.630732E-001	1.81	6.957214E-009	0.26	4.616879E-002	0.25
96	580.0	2.664	0	2.691728E-001	1.81	7.138124E-009	0.26	4.727257E-002	0.25
97	580.0	2.664	1	2.692465E-001	1.81	7.137888E-009	0.26	4.726520E-002	0.25
98	580.0	2.664	2	2.691873E-001	1.81	7.140289E-009	0.26	4.726334E-002	0.25
99	582.5	2.642	0	2.720589E-001	1.81	7.241346E-009	0.26	4.777773E-002	0.25
100	582.5	2.642	1	2.719997E-001	1.81	7.239182E-009	0.26	4.777315E-002	0.25
101	582.5	2.642	2	2.720141E-001	1.81	7.235440E-009	0.26	4.776107E-002	0.25
102	585.0	2.616	0	2.821846E-001	1.81	7.541600E-009	0.26	4.955877E-002	0.25
103	585.0	2.616	1	2.821846E-001	1.81	7.543829E-009	0.26	4.956344E-002	0.25
104	585.0	2.616	2	2.821846E-001	1.81	7.541192E-009	0.26	4.955222E-002	0.25
105	587.5	2.588	0	3.348846E-001	1.81	9.110911E-009	0.26	5.924292E-002	0.25
106	587.5	2.588	1	3.350913E-001	1.81	9.116892E-009	0.26	5.925022E-002	0.25
107	587.5	2.588	2	3.350913E-001	1.81	9.117525E-009	0.26	5.924935E-002	0.25
108	590.0	2.556	0	3.495996E-001	1.81	9.545094E-009	0.26	6.183804E-002	0.25
109	590.0	2.556	1	3.496589E-001	1.81	9.549243E-009	0.26	6.186122E-002	0.25
110	590.0	2.556	2	3.495996E-001	1.81	9.547721E-009	0.26	6.184173E-002	0.25
111	592.5	2.522	0	3.073206E-001	1.81	8.214548E-009	0.26	5.376198E-002	0.25
112	592.5	2.522	1	3.069954E-001	1.81	8.208160E-009	0.26	5.374900E-002	0.25
113	592.5	2.522	2	3.070098E-001	1.81	8.207045E-009	0.26	5.375268E-002	0.25
114	595.0	2.484	0	2.953149E-001	1.81	7.857347E-009	0.26	5.154239E-002	0.25
115	595.0	2.484	1	2.952701E-001	1.81	7.855825E-009	0.26	5.152763E-002	0.25
116	595.0	2.484	2	2.952411E-001	1.81	7.854239E-009	0.26	5.152019E-002	0.25
117	597.5	2.444	0	3.044190E-001	1.81	8.088357E-009	0.26	5.301633E-002	0.25
118	597.5	2.444	1	3.045520E-001	1.81	8.091466E-009	0.26	5.301995E-002	0.25
119	597.5	2.444	2	3.045520E-001	1.81	8.093385E-009	0.26	5.304401E-002	0.25
120	600.0	2.400	0	3.325159E-001	1.81	8.821902E-009	0.26	5.775242E-002	0.25
121	600.0	2.400	1	3.325752E-001	1.81	8.820381E-009	0.26	5.773848E-002	0.25
122	600.0	2.400	2	3.326199E-001	1.81	8.821666E-009	0.26	5.772556E-002	0.25
123	602.5	2.352	0	3.643137E-001	1.81	9.648550E-009	0.26	6.307414E-002	0.25
124	602.5	2.352	1	3.642992E-001	1.81	9.648724E-009	0.26	6.305474E-002	0.25
125	602.5	2.352	2	3.643295E-001	1.81	9.653355E-009	0.26	6.307694E-002	0.25
126	605.0	2.299	0	3.913891E-001	1.81	1.036562E-008	0.26	6.757831E-002	0.25
127	605.0	2.299	1	3.913746E-001	1.81	1.036491E-008	0.26	6.756155E-002	0.25
128	605.0	2.299	2	3.913154E-001	1.81	1.036444E-008	0.26	6.755336E-002	0.25
129	607.5	2.242	0	4.101742E-001	1.81	1.087017E-008	0.26	7.063516E-002	0.25
130	607.5	2.242	1	4.103072E-001	1.81	1.087151E-008	0.26	7.065641E-002	0.25
131	607.5	2.242	2	4.102334E-001	1.81	1.087033E-008	0.26	7.062959E-002	0.25
132	610.0	2.182	0	4.263102E-001	1.81	1.128481E-008	0.26	7.318311E-002	0.25
133	610.0	2.182	1	4.261324E-001	1.81	1.127959E-008	0.26	7.315075E-002	0.25
134	610.0	2.182	2	4.261772E-001	1.81	1.127492E-008	0.26	7.315811E-002	0.25
135	612.5	2.119	0	4.407592E-001	1.81	1.163482E-008	0.26	7.545084E-002	0.25
136	612.5	2.119	1	4.407448E-001	1.81	1.163301E-008	0.26	7.542120E-002	0.25
137	612.5	2.119	2	4.406845E-001	1.81	1.163101E-008	0.26	7.541290E-002	0.25
138	615.0	2.054	0	4.545111E-001	1.81	1.195514E-008	0.26	7.751038E-002	0.25
139	615.0	2.054	1	4.545111E-001	1.81	1.195688E-008	0.26	7.751214E-002	0.25
140	615.0	2.054	2	4.543189E-001	1.81	1.195135E-008	0.26	7.748900E-002	0.25
141	617.5	1.989	0	4.647263E-001	1.81	1.219975E-008	0.26	7.893417E-002	0.25
142	617.5	1.989	1	4.646222E-001	1.81	1.219775E-008	0.26	7.893330E-002	0.25
143	617.5	1.989	2	4.645629E-001	1.81	1.219775E-008	0.26	7.891193E-002	0.25
144	620.0	1.925	0	4.732970E-001	1.81	1.242258E-008	0.26	8.000273E-002	0.25
145	620.0	1.925	1	4.732378E-001	1.81	1.242020E-008	0.26	8.000097E-002	0.25
146	620.0	1.925	2	4.733115E-001	1.81	1.242289E-008	0.26	8.002679E-002	0.25
147	622.5	1.861	0	4.791296E-001	1.81	1.258384E-008	0.26	8.072810E-002	0.25
148	622.5	1.861	1	4.792626E-001	1.81	1.258542E-008	0.26	8.070962E-002	0.25
149	622.5	1.861	2	4.792770E-001	1.81	1.258907E-008	0.26	8.075227E-002	0.25
150	625.0	1.800	0	4.922744E-001	1.81	1.292365E-008	0.26	8.263215E-002	0.25
151	625.0	1.800	1	4.921414E-001	1.81	1.291873E-008	0.26	8.263225E-002	0.25
152	625.0	1.800	2	4.923337E-001	1.81	1.292436E-008	0.26	8.265071E-002	0.25
153	627.5	1.740	0	5.143176E-001	1.81	1.346839E-008	0.26	8.605179E-002	0.25
154	627.5	1.740	1	5.144058E-001	1.81	1.346886E-008	0.26	8.606663E-002	0.25
155	627.5	1.740	2	5.144361E-001	1.81	1.347100E-008	0.26	8.606473E-002	0.25
156	630.0	1.680	0	5.374424E-001	1.81	1.402761E-008	0.26	8.959903E-002	0.25
157	630.0	1.680	1	5.374424E-001	1.81	1.402691E-008	0.26	8.959157E-002	0.25
158	630.0	1.680	2	5.373977E-001	1.81	1.402294E-008	0.26	8.959343E-002	0.25
159	632.5	1.620	0	5.578706E-001	1.81	1.452235E-008	0.26	9.268001E-002	0.25
160	632.5	1.620	1	5.579443E-001	1.81	1.452228E-008	0.26	9.270958E-002	0.25
161	632.5	1.620	2	5.579298E-001	1.81	1.452338E-008	0.26	9.271695E-002	0.25
162	635.0	1.560	0	5.690024E-001	1.81	1.478111E-008	0.26	9.414174E-002	0.25
163	635.0	1.560	1	5.687812E-001	1.81	1.477746E-008	0.26	9.408249E-002	0.25
164	635.0	1.560	2	5.689142E-001	1.81	1.478198E-008	0.26	9.412700E-002	0.25
165	637.5	1.500	0	5.697434E-001	1.81	1.478167E-008	0.26	9.385867E-002	0.25
166	637.5	1.500	1	5.694317E-001	1.81	1.477636E-008	0.26	9.382715E-002	0.25
167	637.5	1.500	2	5.695512E-001	1.81	1.478064E-008	0.26	9.387166E-002	0.25
168	640.0	1.440	0	5.679819E-001	1.81	1.471353E-008	0.26	9.321103E-002	0.25
169	640.0	1.440	1	5.679371E-001	1.81	1.470982E-008	0.26	9.320170E-002	0.25
170	640.0	1.440	2	5.679819E-001	1.81	1.471203E-008	0.26	9.321840E-002	0.25
171	642.5	1.380	0	5.699949E-001	1.81	1.471979E-008	0.26	9.319069E-002	0.25
172	642.5	1.380	1	5.696697E-001	1.81	1.471741E-008	0.26	9.316663E-002	0.25
173	642.5	1.380	2	5.698475E-001	1.81	1.472232E-008	0.26	9.318697E-002	0.25
174	645.0	1.320	0	5.838808E-001	1.81	1.502238E-008	0.26	9.502989E-002	0.25
175	645.0	1.320	1	5.838205E-001	1.81	1.501977E-008	0.26	9.500779E-002	0.25
176	645.0	1.320	2	5.838350E-001	1.81	1.502159E-008	0.26	9.502077E-002	0.25
177	647.5	1.260	0	6.057452E-001	1.81	1.553406E-008	0.26	9.813494E-002	0.25
178	647.5	1.260	1	6.057452E-001	1.81	1.553050E-008	0.26	9.810351E-002	0.25
179	647.5	1.260	2	6.057307E-001	1.81	1.553295E-008	0.26	9.810713E-002	0.25
180	650.0	1.200	0	6.296819E-001	1.81	1.610318E-008	0.26	1.014713E-001	0.25
181	650.0	1.200	1	6.299334E-001	1.81	1.609377E-008	0.26	1.014916E-001	0.25
182	650.0	1.200	2	6.300374E-001	1.81	1.610035E-008	0.26	1.015360E-001	0.25
183	652.5	1.140	0	6.480378E-001	1.81	1.654831E-008	0.26	1.039004E-001	0.25
184	652.5	1.140	1	6.481271E-001	1.81	1.654863E-008	0.26	1.038899E-001	0.25
185	652.5	1.140	2	6.481873E-001	1.81	1.655004E-008	0.26	1.038955E-001	0.25
186	655.0	1.080	0	6.576314E-001	1.81	1.679313E-008	0.26	1.050051E-001	0.25
187	655.0	1.080	1	6.576906E-001	1.81	1.679797E-008	0.26	1.050187E-001	0.25
188	655.0	1.080	2	6.574536E-001	1.81	1.678918E-008	0.26	1.049976E-001	0.25
189	657.5	1.020	0	6.658470E-001	1.81	1.699390E-008	0.26	1.059938E-001	0.25
190	657.5	1.020	1	6.659352E-001	1.81	1.699738E-008	0.26	1.060044E-001	0.25
191	657.5	1.020	2	6.657732E-001	1.81	1.699296E-008	0.26	1.059697E-001	0.25
192	660.0	0.960	0	6.724047E-001	1.81	1.711608E-008	0.26	1.066583E-001	0.25
193	660.0	0.960	1	6.724640E-001	1.81	1.711829E-008	0.26	1.066787E-001	0.25
194	660.0	0.960	2	6.724640E-001	1.81	1.712177E-008	0.26	1.066982E-001	0.25
195	662.5	0.900	0	6.774380E-001	1.81	1.717353E-008	0.26	1.070761E-001	0.25
196	662.5	0.900	1	6.774235E-001	1.81	1.717169E-008	0.26	1.070646E-001	0.25
197	662.5	0.900	2	6.776750E-001	1.81	1.717653E-008	0.26	1.070947E-001	0.25
198	665.0	0.840	0	6.846476E-001	1.81	1.727450E-008	0.26	1.077796E-001	0.25
199	665.0	0.840	1	6.848398E-001	1.81	1.727356E-008	0.26	1.077427E-001	0.25
200	665.0	0.840	2	6.847661E-001	1.81	1.726998E-008	0.26	1.077254E-001	0.25
201	667.5	0.780	0	6.872821E-001	1.81	1.726303E-008	0.26	1.075966E-001	0.25
202	667.5	0.780	1	6.874296E-001	1.81	1.726698E-008	0.26	1.076073E-001	0.25
203	667.5	0.780	2	6.874151E-001	1.81	1.726619E-008	0.26	1.076052E-001	0.25
204	670.0	0.720	0	6.980437E-001	1.81	1.748759E-008	0.26	1.086249E-001	0.25
205	670.0	0.720	1	6.980595E-001	1.81	1.748839E-008	0.26	1.086212E-001	0.25
206	670.0	0.720	2	6.980147E-001	1.81	1.748759E-008	0.26	1.086289E-001	0.25
207	672.5	0.660	0	7.115898E-001	1.81	1.781680E-008	0.26	1.100963E-001	0.25
208	672.5	0.660	1	7.114568E-001	1.81	1.781680E-008	0.26	1.100944E-001	0.25
209	672.5	0.660	2	7.115305E-001	1.81	1.781449E-008	0.26	1.100625E-001	0.25
210	675.0	0.600	0	7.291622E-001	1.81	1.824688E-008	0.26	1.121295E-001	0.25
211	675.0	0.600	1	7.290726E-001	1.81	1.824204E-008	0.26	1.121035E-001	0.25
212	675.0	0.600	2	7.290437E-001	1.81	1.824388E-008	0.26	1.121038E-001	0.25
213	677.5	0.539	0	7.494268E-001	1.81	1.872831E-008	0.26	1.146274E-001	0.25
214	677.5	0.539	1	7.496046E-001	1.81	1.873014E-008	0.26	1.146478E-001	0.25
215	677.5	0.539	2	7.493386E-001	1.81	1.872530E-008	0.26	1.146110E-001	0.25
216	680.0	0.475	0	7.643042E-001	1.81	1.905394E-008	0.26	1.162722E-001	0.25
217	680.0	0.475	1	7.642898E-001	1.81	1.905347E-008	0.26	1.163057E-001	0.25
218	680.0	0.475	2	7.644974E-001	1.81	1.906099E-008	0.26	1.163444E-001	0.25
219	682.5	0.411	0	7.700192E-001	1.81	1.913418E-008	0.26	1.165039E-001	0.25
220	682.5	0.411	1	7.700192E-001	1.81	1.913560E-008	0.26	1.164857E-001	0.25
221	682.5	0.411	2	7.700337E-001	1.81	1.913560E-008	0.26	1.165058E-001	0.25
222	685.0	0.346	0	7.704933E-001	1.81	1.909098E-008	0.26	1.158695E-001	0.25
223	685.0	0.346	1	7.703445E-001	1.81	1.908577E-008	0.26	1.158540E-001	0.25
224	685.0	0.346	2	7.703589E-001	1.81	1.908624E-008	0.26	1.158376E-001	0.25
225	687.5	0.281	0	7.538096E-001	1.81	1.863970E-008	0.26	1.126626E-001	0.25
226	687.5	0.281	1	7.536766E-001	1.81	1.863923E-008	0.26	1.126812E-001	0.25
227	687.5	0.281	2	7.537504E-001	1.81	1.864017E-008	0.26	1.126753E-001	0.25
228	690.0	0.218	0	7.313227E-001	1.81	1.807540E-008	0.26	1.087120E-001	0.25
229	690.0	0.218	1	7.313516E-001	1.81	1.807136E-008	0.26	1.086770E-001	0.25
230	690.0	0.218	2	7.313675E-001	1.81	1.807262E-008	0.26	1.086956E-001	0.25
231	692.5	0.158	0	7.307604E-001	1.81	1.805720E-008	0.26	1.079806E-001	0.25
232	692.5	0.158	1	7.307012E-001	1.81	1.805941E-008	0.26	1.079884E-001	0.25
233	692.5	0.158	2	7.306867E-001	1.81	1.805847E-008	0.26	1.080029E-001	0.25
234	695.0	0.101	0	7.595092E-001	1.81	1.877287E-008	0.26	1.116209E-001	0.25
235	695.0	0.101	1	7.595237E-001	1.81	1.877240E-008	0.26	1.116451E-001	0.25
236	695.0	0.101	2	7.595974E-001	1.81	1.877602E-008	0.26	1.116333E-001	0.25
237	697.5	0.048	0	8.004255E-001	1.81	1.977318E-008	0.26	1.169723E-001	0.25
238	697.5	0.048	1	8.003807E-001	1.81	1.977102E-008	0.26	1.169593E-001	0.25
239	697.5	0.048	2	8.004992E-001	1.81	1.977055E-008	0.26	1.169422E-001	0.25
240	700.0	0.000	0	8.283147E-001	1.81	2.041834E-008	0.26	1.203155E-001	0.25
241	700.0	0.000	1	8.282410E-001	1.81	2.041914E-008	0.26	1.203192E-001	0.25
242	700.0	0.000	2	8.284477E-001	1.81	2.042793E-008	0.26	1.203901E-001	0.25
243	702.5	-0.042	0	8.448361E-001	1.81	2.077650E-008	0.26	1.220384E-001	0.25
244	702.5	-0.042	1	8.448361E-001	1.81	2.077523E-008	0.26	1.220257E-001	0.25
245	702.5	-0.042	2	8.447768E-001	1.81	2.077166E-008	0.26	1.220112E-001	0.25
246	705.0	-0.079	0	8.493798E-001	1.81	2.082817E-008	0.26	1.218922E-001	0.25
247	705.0	-0.079	1	8.493061E-001	1.81	2.082643E-008	0.26	1.218828E-001	0.25
248	705.0	-0.079	2	8.493654E-001	1.81	2.082990E-008	0.26	1.219145E-001	0.25
249	707.5	-0.112	0	8.469968E-001	1.81	2.074167E-008	0.26	1.206374E-001	0.25
250	707.5	-0.112	1	8.470850E-001	1.81	2.074214E-008	0.26	1.206194E-001	0.25
251	707.5	-0.112	2	8.470705E-001	1.81	2.074072E-008	0.26	1.206541E-001	0.25
252	710.0	-0.142	0	8.309794E-001	1.81	2.036137E-008	0.26	1.174009E-001	0.25
253	710.0	-0.142	1	8.309054E-001	1.81	2.035521E-008	0.26	1.173901E-001	0.25
254	710.0	-0.142	2	8.310531E-001	1.81	2.036578E-008	0.26	1.174530E-001	0.25
255	712.5	-0.169	0	8.011945E-001	1.81	1.967221E-008	0.26	1.122999E-001	0.25
256	712.5	-0.169	1	8.013422E-001	1.81	1.967522E-008	0.26	1.123426E-001	0.25
257	712.5	-0.169	2	8.015937E-001	1.81	1.968241E-008	0.26	1.123724E-001	0.25
258	715.0	-0.194	0	7.614182E-001	1.81	1.874683E-008	0.26	1.058699E-001	0.25
259	715.0	-0.194	1	7.613589E-001	1.81	1.874730E-008	0.26	1.058737E-001	0.25
260	715.0	-0.194	2	7.614182E-001	1.81	1.874819E-008	0.26	1.058603E-001	0.25
261	717.5	-0.219	0	7.167113E-001	1.81	1.769857E-008	0.26	9.881414E-002	0.25
262	717.5	-0.219	1	7.164150E-001	1.81	1.769547E-008	0.26	9.881965E-002	0.25
263	717.5	-0.219	2	7.166072E-001	1.81	1.769952E-008	0.26	9.883263E-002	0.25
264	720.0	-0.245	0	6.773195E-001	1.81	1.677771E-008	0.26	9.269297E-002	0.25
265	720.0	-0.245	1	6.773932E-001	1.81	1.677945E-008	0.26	9.270410E-002	0.25
266	720.0	-0.245	2	6.772010E-001	1.81	1.677319E-008	0.26	9.267077E-002	0.25
267	722.5	-0.271	0	6.401474E-001	1.81	1.588383E-008	0.26	8.691235E-002	0.25
268	722.5	-0.271	1	6.394374E-001	1.81	1.587410E-008	0.26	8.687157E-002	0.25
269	722.5	-0.271	2	6.393479E-001	1.81	1.587053E-008	0.26	8.686783E-002	0.25
270	725.0	-0.300	0	6.158987E-001	1.81	1.530481E-008	0.26	8.303205E-002	0.25
271	725.0	-0.300	1	6.156328E-001	1.81	1.529682E-008	0.26	8.298940E-002	0.25
272	725.0	-0.300	2	6.158395E-001	1.81	1.530529E-008	0.26	8.303205E-002	0.25
273	727.5	-0.329	0	6.273871E-001	1.81	1.559872E-008	0.26	8.391097E-002	0.25
274	727.5	-0.329	1	6.273278E-001	1.81	1.559420E-008	0.26	8.389052E-002	0.25
275	727.5	-0.329	2	6.271645E-001	1.81	1.559246E-008	0.26	8.386282E-002	0.25
276	730.0	-0.358	0	6.591111E-001	1.81	1.639289E-008	0.26	8.744150E-002	0.25
277	730.0	-0.358	1	6.594956E-001	1.81	1.639731E-008	0.26	8.747482E-002	0.25
278	730.0	-0.358	2	6.595548E-001	1.81	1.639731E-008	0.26	8.747295E-002	0.25
279	732.5	-0.385	0	6.729959E-001	1.81	1.674588E-008	0.26	8.852576E-002	0.25
280	732.5	-0.385	1	6.731882E-001	1.81	1.674772E-008	0.26	8.853884E-002	0.25
281	732.5	-0.385	2	6.734999E-001	1.81	1.675120E-008	0.26	8.854621E-002	0.25
282	735.0	-0.413	0	6.698281E-001	1.81	1.668900E-008	0.26	8.734160E-002	0.25
283	735.0	-0.413	1	6.698281E-001	1.81	1.668947E-008	0.26	8.736942E-002	0.25
284	735.0	-0.413	2	6.698281E-001	1.81	1.668947E-008	0.26	8.735830E-002	0.25
285	737.5	-0.441	0	6.581186E-001	1.81	1.642866E-008	0.26	8.508040E-002	0.25
286	737.5	-0.441	1	6.580738E-001	1.81	1.642777E-008	0.26	8.509889E-002	0.25
287	737.5	-0.441	2	6.581041E-001	1.81	1.642636E-008	0.26	8.507294E-002	0.25
288	740.0	-0.469	0	6.154695E-001	1.81	1.538774E-008	0.26	7.883527E-002	0.25
289	740.0	-0.469	1	6.152180E-001	1.81	1.538600E-008	0.26	7.883900E-002	0.25
290	740.0	-0.469	2	6.153365E-001	1.81	1.538774E-008	0.26	7.885747E-002	0.25
291	742.5	-0.499	0	5.704676E-001	1.81	1.427751E-008	0.26	7.242542E-002	0.25
292	742.5	-0.499	1	5.704084E-001	1.81	1.427625E-008	0.26	7.243654E-002	0.25
293	742.5	-0.499	2	5.704676E-001	1.81	1.427751E-008	0.26	7.244576E-002	0.25
294	745.0	-0.530	0	5.157535E-001	1.81	1.290663E-008	0.26	6.488322E-002	0.25
295	745.0	-0.530	1	5.155612E-001	1.81	1.289958E-008	0.26	6.484617E-002	0.25
296	745.0	-0.530	2	5.152650E-001	1.81	1.289342E-008	0.26	6.481847E-002	0.25
297	747.5	-0.564	0	4.647842E-001	1.81	1.161242E-008	0.26	5.790688E-002	0.25
298	747.5	-0.564	1	4.647394E-001	1.81	1.161115E-008	0.26	5.790688E-002	0.25
299	747.5	-0.564	2	4.649909E-001	1.81	1.161773E-008	0.26	5.794767E-002	0.25
300	750.0	-0.600	0	4.343634E-001	1.81	1.083061E-008	0.26	5.357884E-002	0.25
301	750.0	-0.600	1	4.345109E-001	1.81	1.083329E-008	0.26	5.360095E-002	0.25
302	750.0	-0.600	2	4.344372E-001	1.81	1.083235E-008	0.26	5.360841E-002	0.25
303	752.5	-0.638	0	4.095671E-001	1.81	1.018379E-008	0.26	5.001301E-002	0.25
304	752.5	-0.638	1	4.095816E-001	1.81	1.018285E-008	0.26	5.002237E-002	0.25
305	752.5	-0.638	2	4.097002E-001	1.81	1.018555E-008	0.26	5.001861E-002	0.25
306	755.0	-0.678	0	3.937867E-001	1.81	9.762320E-009	0.26	4.760376E-002	0.25
307	755.0	-0.678	1	3.936682E-001	1.81	9.762792E-009	0.26	4.760937E-002	0.25
308	755.0	-0.678	2	3.935207E-001	1.81	9.758804E-009	0.26	4.758716E-002	0.25
309	757.5	-0.719	0	3.646245E-001	1.81	9.025893E-009	0.26	4.361989E-002	0.25
310	757.5	-0.719	1	3.646838E-001	1.81	9.026364E-009	0.26	4.362914E-002	0.25
311	757.5	-0.719	2	3.647575E-001	1.81	9.030349E-009	0.26	4.363462E-002	0.25
312	760.0	-0.761	0	3.301921E-001	1.81	8.155779E-009	0.26	3.903082E-002	0.25
313	760.0	-0.761	1	3.297618E-001	1.81	8.150505E-009	0.26	3.900861E-002	0.25
314	760.0	-0.761	2	3.298211E-001	1.81	8.151792E-009	0.26	3.900675E-002	0.25
315	762.5	-0.804	0	2.862845E-001	1.81	7.064186E-009	0.26	3.347596E-002	0.25
316	762.5	-0.804	1	2.862107E-001	1.81	7.063714E-009	0.26	3.346859E-002	0.25
317	762.5	-0.804	2	2.862253E-001	1.81	7.064186E-009	0.26	3.346112E-002	0.25
318	765.0	-0.848	0	2.488902E-001	1.81	6.134897E-009	0.26	2.876288E-002	0.25
319	765.0	-0.848	1	2.489494E-001	1.81	6.136646E-009	0.26	2.877025E-002	0.25
320	765.0	-0.848	2	2.489494E-001	1.81	6.136646E-009	0.26	2.877575E-002	0.25
321	767.5	-0.893	0	2.177148E-001	1.81	5.356988E-009	0.26	2.488070E-002	0.25
322	767.5	-0.893	1	2.177148E-001	1.81	5.357458E-009	0.26	2.488807E-002	0.25
323	767.5	-0.893	2	2.177294E-001	1.81	5.356988E-009	0.26	2.488807E-002	0.25
324	770.0	-0.938	0	1.862423E-001	1.81	4.572055E-009	0.26	2.102445E-002	0.25
325	770.0	-0.938	1	1.860500E-001	1.81	4.567608E-009	0.26	2.101699E-002	0.25
326	770.0	-0.938	2	1.860500E-001	1.81	4.569836E-009	0.26	2.102445E-002	0.25
327	772.5	-0.985	0	1.678865E-001	1.81	4.112278E-009	0.26	1.876322E-002	0.25
328	772.5	-0.985	1	1.679458E-001	1.81	4.113566E-009	0.26	1.875954E-002	0.25
329	772.5	-0.985	2	1.679603E-001	1.81	4.115794E-009	0.26	1.876690E-002	0.25
330	775.0	-1.031	0	1.567101E-001	1.81	3.826602E-009	0.26	1.731528E-002	0.25
331	775.0	-1.031	1	1.568431E-001	1.81	3.828360E-009	0.26	1.732359E-002	0.25
332	775.0	-1.031	2	1.567693E-001	1.81	3.827010E-009	0.26	1.731528E-002	0.25
333	777.5	-1.078	0	1.441420E-001	1.81	3.506251E-009	0.26	1.572204E-002	0.25
334	777.5	-1.078	1	1.440828E-001	1.81	3.505137E-009	0.26	1.571467E-002	0.25
335	777.5	-1.078	2	1.441420E-001	1.81	3.506016E-009	0.26	1.572941E-002	0.25
336	780.0	-1.126	0	1.467029E-001	1.81	3.557863E-009	0.26	1.581921E-002	0.25
337	780.0	-1.126	1	1.467766E-001	1.81	3.557627E-009	0.26	1.582196E-002	0.25
338	780.0	-1.126	2	1.467622E-001	1.81	3.559386E-009	0.26	1.582382E-002	0.25
